航班,始发地,目的地,经停,计划到达,航站楼,状态
8L9616,济南,成都,,0:00,T2,计划00:00到达
MU5415,上海虹桥,成都,,0:05,T2,已于00:09到达
3U5016,上海虹桥,成都,,0:05,T2,已于00:09到达
3U8986,南通,成都,,0:05,T1,已于00:46到达
CZ9682,南通,成都,,0:05,T1,已于00:46到达
CA4118,北京,成都,,0:05,T2,已于00:54到达
ZH4118,北京,成都,,0:05,T2,已于00:54到达
CA4502,上海虹桥,成都,,0:05,T2,计划00:05到达
SC4502,上海虹桥,成都,,0:05,T2,计划00:05到达
ZH4502,上海虹桥,成都,,0:05,T2,计划00:05到达
3U8094,新加坡樟宜,成都,,0:05,T1,已于01:28到达
CZ4088,新加坡樟宜,成都,,0:05,T1,已于01:28到达
ZH9411,深圳,成都,,0:05,T2,已于00:00到达
CA3711,深圳,成都,,0:05,T2,已于00:00到达
ZH9490,太原,成都,,0:10,T2,已于00:12到达
CA3790,太原,成都,,0:10,T2,已于00:12到达
3U8090,清迈,成都,,0:10,T1,计划00:10到达
CA4538,义乌,成都,,0:10,T2,已于01:01到达
TV6458,义乌,成都,,0:10,T2,已于01:01到达
ZH4538,义乌,成都,,0:10,T2,已于01:01到达
EU2260,杭州,成都,,0:10,T2,已于00:44到达
3U8736,广州,成都,,0:10,T1,已于00:12到达
CZ4984,广州,成都,,0:10,T1,已于00:12到达
3U8920,杭州,成都,,0:10,T1,已于00:54到达
CZ9662,杭州,成都,,0:10,T1,已于00:54到达
MF5110,杭州,成都,,0:10,T1,已于00:54到达
MU3944,杭州,成都,,0:10,T1,已于00:54到达
EU2720,兴义,成都,,0:15,T2,计划00:15到达
EU2716,北海,成都,,0:15,T2,计划00:15到达
3U1640,北海,成都,,0:15,T2,计划00:15到达
3U8086,东京成田,成都,,0:20,T1,已于23:56到达
CZ4082,东京成田,成都,,0:20,T1,已于23:56到达
CA4536,上海浦东,成都,,0:20,T2,已于01:20到达
SC4536,上海浦东,成都,,0:20,T2,已于01:20到达
TV6456,上海浦东,成都,,0:20,T2,已于01:20到达
ZH4536,上海浦东,成都,,0:20,T2,已于01:20到达
CA4280,库车,成都,,0:20,T2,计划00:20到达
3U8667,昆明,成都,,0:25,T1,已于00:07到达
CA4064,宁波,成都,,0:25,T2,已于01:52到达
CA4154,乌鲁木齐,成都,,0:25,T2,已于00:28到达
SC4154,乌鲁木齐,成都,,0:25,T2,已于00:28到达
TV6304,乌鲁木齐,成都,,0:25,T2,已于00:28到达
ZH4154,乌鲁木齐,成都,,0:25,T2,已于00:28到达
MU2230,合肥,成都,,0:25,T2,计划00:25到达
3U5084,合肥,成都,,0:25,T2,计划00:25到达
MU5273,北京,成都,,0:30,T2,已于00:41到达
CZ6119,北京,成都,,0:30,T2,已于00:21到达
MF1785,北京,成都,,0:30,T2,已于00:21到达
MF4683,北京,成都,,0:30,T2,已于00:21到达
3U8938,厦门,成都,,0:30,T1,已于01:18到达
3U8970,沈阳桃仙,成都,,0:30,T1,已于00:23到达
EU7064,沈阳桃仙,成都,,0:30,T1,已于00:23到达
ZH3870,沈阳桃仙,成都,,0:30,T1,已于00:23到达
3U8994,南京,成都,,0:35,T1,计划00:35到达
MU3906,南京,成都,,0:35,T1,计划00:35到达
ZH3822,南京,成都,,0:35,T1,计划00:35到达
U2258,长春,成都,,0:35,T2,已于03:06到达
TV9878,长春,成都,,0:35,T2,已于02:24到达
CA3962,长春,成都,,0:35,T2,已于02:24到达
MU5417,上海浦东,成都,,0:40,T2,已于00:33到达
3U5004,上海浦东,成都,,0:40,T2,已于00:33到达
AZ5301,上海浦东,成都,,0:40,T2,已于00:33到达
HO3693,上海浦东,成都,,0:40,T2,已于00:33到达
JL5685,上海浦东,成都,,0:40,T2,已于00:33到达
QF4019,上海浦东,成都,,0:40,T2,已于00:33到达
VN3534,上海浦东,成都,,0:40,T2,已于00:33到达
HU7347,北京,成都,,0:40,T2,已于01:25到达
CA4588,武汉,成都,,0:45,T2,已于00:49到达
SC4588,武汉,成都,,0:45,T2,已于00:49到达
TV6478,武汉,成都,,0:45,T2,已于00:49到达
ZH4588,武汉,成都,,0:45,T2,已于00:49到达
3U8770,营口,成都,,0:45,T1,已于00:48到达
CZ4994,营口,成都,,0:45,T1,已于00:48到达
MU3952,营口,成都,,0:45,T1,已于00:48到达
ZH3814,营口,成都,,0:45,T1,已于00:48到达
8L9945,昆明,成都,,0:45,T2,已于00:24到达
EU2724,大连,成都,,0:45,T2,已于00:26到达
TV9880,沈阳桃仙,成都,,0:50,T2,已于02:59到达
CA3964,沈阳桃仙,成都,,0:50,T2,已于02:59到达
CA4182,太原,成都,,0:50,T2,已于00:30到达
TV6310,太原,成都,,0:50,T2,已于00:30到达
ZH4182,太原,成都,,0:50,T2,已于00:30到达
TV9820,厦门,成都,,0:55,T2,已于00:42到达
CA3938,厦门,成都,,0:55,T2,已于00:42到达
ZH9545,无锡,成都,,0:55,T2,已于01:22到达
CA3629,无锡,成都,,0:55,T2,已于01:22到达
3U8996,无锡,成都,,0:55,T1,已于00:36到达
EU7066,无锡,成都,,0:55,T1,已于00:36到达
3U8862,天津,成都,,0:55,T1,已于01:07到达
MF5084,天津,成都,,0:55,T1,已于01:07到达
RU585,莫斯科,成都,,1:00,T2,已于00:56到达
EU2206,南京,成都,,1:00,T2,计划01:00到达
EU2224,昆明,成都,,1:00,T2,已于00:51到达
CA4324,桂林,成都,,1:00,T2,已于00:34到达
SC4324,桂林,成都,,1:00,T2,已于00:34到达
ZH4324,桂林,成都,,1:00,T2,已于00:34到达
EU6668,上海浦东,成都,,1:05,T2,已于01:53到达
EU2290,济南,成都,,1:05,T2,已于01:31到达
GJ8908,大连,成都,,1:05,T2,已于01:48到达
3U8104,大连,成都,,1:05,T1,已于01:41到达
3U8814,大连,成都,,1:10,T1,已于02:18到达
CZ9616,大连,成都,,1:10,T1,已于02:18到达
MU3954,大连,成都,,1:10,T1,已于02:18到达
EU2246,深圳,成都,,1:10,T2,已于01:38到达
MU2648,淮安涟水机场,成都,,1:10,T2,已于02:09到达
MU2194,沈阳桃仙,成都,,1:15,T2,已于01:09到达
PN6891,重庆,成都,,1:20,T2,已于01:00到达
EU2238,丽江,成都,,1:20,T2,已于00:38到达
MU5278,太原,成都,,1:20,T2,已于01:17到达
3U5102,太原,成都,,1:20,T2,已于01:17到达
EU2220,南宁,成都,,1:25,T2,已于01:14到达
CA4534,杭州,成都,,1:25,T2,已于01:44到达
TV6454,杭州,成都,,1:25,T2,已于01:44到达
ZH4534,杭州,成都,,1:25,T2,已于01:44到达
CA4140,哈尔滨,成都,,1:25,T2,已于02:20到达
TV6298,哈尔滨,成都,,1:25,T2,已于02:20到达
ZH4140,哈尔滨,成都,,1:25,T2,已于02:20到达
EU2282,哈尔滨,成都,,1:30,T2,已于03:59到达
CA4524,南京,成都,,1:30,T2,已于01:20到达
CA4392,珠海,成都,,1:30,T2,已于01:04到达
SC4392,珠海,成都,,1:30,T2,已于01:04到达
TV6402,珠海,成都,,1:30,T2,已于01:04到达
ZH4392,珠海,成都,,1:30,T2,已于01:04到达
MU2296,沈阳桃仙,成都,,1:35,T2,已于01:25到达
3U8714,合肥,成都,,1:35,T1,已于02:06到达
MU3940,合肥,成都,,1:35,T1,已于02:06到达
3U8722,郑州,成都,,1:40,T1,已于02:42到达
3U8932,温州,成都,,1:40,T1,已于01:37到达
MU3948,温州,成都,,1:40,T1,已于01:37到达
3U8916,青岛,成都,,1:40,T1,已于02:14到达
EU7058,青岛,成都,,1:40,T1,已于02:14到达
SC7042,青岛,成都,,1:40,T1,已于02:14到达
EU1808,长沙,成都,,1:45,T2,已于01:34到达
ZH9163,北京,成都,,1:45,T2,已于01:46到达
CA3463,北京,成都,,1:45,T2,已于01:46到达
3U8842,乌鲁木齐,成都,,1:50,T1,已于03:28到达
CZ9630,乌鲁木齐,成都,,1:50,T1,已于03:28到达
EU7052,乌鲁木齐,成都,,1:50,T1,已于03:28到达
3U8844,哈尔滨,成都,,1:50,T1,已于02:50到达
CZ9632,哈尔滨,成都,,1:50,T1,已于02:50到达
MU3960,哈尔滨,成都,,1:50,T1,已于02:50到达
SC7036,哈尔滨,成都,,1:50,T1,已于02:50到达
ZH3506,哈尔滨,成都,,1:50,T1,已于02:50到达
3U8230,文山,成都,,1:50,T1,已于01:13到达
CA4376,三亚,成都,,1:50,T2,已于01:54到达
ZH4376,三亚,成都,,1:50,T2,已于01:54到达
3U8758,三亚,成都,,1:55,T1,已于01:33到达
3U8548,北京,成都,,1:55,T1,计划01:55到达
CZ4948,北京,成都,,1:55,T1,计划01:55到达
3U8894,北京,成都,,1:55,T1,已于02:08到达
CZ9656,北京,成都,,1:55,T1,已于02:08到达
MF5104,北京,成都,,1:55,T1,已于02:08到达
EU2208,三亚,成都,,1:55,T2,已于03:15到达
DD3140,普吉,成都,,2:00,T1,已于02:04到达
FD562,曼谷廊曼,成都,,2:00,T1,已于02:12到达
VJ5316,芽庄金兰机场,成都,,2:05,T1,已于01:59到达
GJ8804,大连,成都,,2:05,T2,已于02:02到达
G52868,满洲里,成都,,2:05,T2,已于01:59到达
G52720,兴义,成都,,2:10,T2,已于02:15到达
HO1057,上海浦东,成都,,2:15,T2,已于01:42到达
3U2237,上海浦东,成都,,2:15,T2,已于01:42到达
JT2639,哥打基纳巴卢,成都,,2:15,T1,已于02:57到达
OD672,吉隆坡,成都,,2:15,T1,已于02:54到达
ZA493,西哈努克,成都,,2:20,T1,已于02:39到达
FD298,罗勇,成都,,2:20,T1,已于02:43到达
SL932,曼谷廊曼,成都,,2:30,T1,已于03:02到达
UB803,缅甸仰光,成都,,2:30,T1,已于01:56到达
YG9061,杭州,成都,,3:10,T2,已于02:36到达
3U8392,开罗,成都,,4:30,T1,已于05:50到达
3U8272,哥本哈根,成都,,5:00,T1,已于04:32到达
HU7916,纽约,成都,,5:00,T1,已于04:37到达
CA414,普吉,成都,,5:05,T1,已于04:30到达
MU574,普吉,成都,,5:05,T1,已于03:49到达
3U8926,普吉,成都,,5:20,T1,已于05:03到达
3U8446,河内内拜,成都,,5:35,T1,已于05:00到达
3U8074,芽庄金兰机场,成都,,6:00,T1,已于06:05到达
CA432,法兰克福,成都,,6:05,T1,已于06:21到达
O36975,杭州,成都,,6:30,T2,已于06:17到达
8L812,曼谷素万那普,成都,,7:10,T1,已于06:55到达
HU8296,曼谷素万那普,成都,,7:10,T1,已于06:55到达
MU5036,曼谷素万那普,成都,,7:20,T1,已于06:59到达
3U8380,西安,成都,,7:40,T1,已于07:27到达
CZ4930,西安,成都,,7:40,T1,已于07:27到达
EU7028,西安,成都,,7:40,T1,已于07:27到达
G58664,西安,成都,,7:40,T1,已于07:27到达
ZH3860,西安,成都,,7:40,T1,已于07:27到达
QW6092,芽庄金兰机场,成都,,7:55,T1,已于07:08到达
3U8465,西昌,成都,,8:10,T1,已于07:41到达
CZ8647,广州,成都,,8:35,T2,已于08:22到达
MF4340,广州,成都,,8:35,T2,已于08:22到达
DR6521,昆明,成都,,8:40,T2,已于08:18到达
8L9947,昆明,成都,,8:40,T2,已于10:17到达
ZH9361,南宁,成都,,8:45,T2,已于08:26到达
CA3661,南宁,成都,,8:45,T2,已于08:26到达
CZ3403,广州,成都,,8:50,T2,已于08:32到达
3U3021,广州,成都,,8:50,T2,已于08:32到达
MF1255,广州,成都,,8:50,T2,已于08:32到达
MU3193,广州,成都,,8:50,T2,已于08:32到达
3U8669,昆明,成都,,8:50,T1,已于08:28到达
EU272Z,兴义,成都,,8:50,T2,已于08:35到达
EU2743,成都,成都,,8:50,T2,已于08:43到达
CA4479,成都,成都,,8:50,T2,已于09:09到达
CZ3621,深圳,成都,,8:55,T2,已于08:45到达
3U3073,深圳,成都,,8:55,T2,已于08:45到达
MF1445,深圳,成都,,8:55,T2,已于08:45到达
MU3281,深圳,成都,,8:55,T2,已于08:45到达
CA403,银川,成都,,8:55,T2,已于08:38到达
CA1086,南京,成都,,9:05,T2,已于08:56到达
TV9804,拉萨,成都,,9:10,T2,已于08:52到达
CA3912,拉萨,成都,,9:10,T2,已于08:52到达
CA4440,贵阳,成都,,9:10,T2,已于08:48到达
SC4440,贵阳,成都,,9:10,T2,已于08:48到达
ZH4440,贵阳,成都,,9:10,T2,已于08:48到达
3U8946,迪拜,成都,,9:15,T1,已于09:37到达
CA4216,稻城亚丁,成都,,9:25,T2,已于09:05到达
ZH4216,稻城亚丁,成都,,9:25,T2,已于09:05到达
MU5841,昆明,成都,,9:30,T2,已于09:13到达
3U5124,昆明,成都,,9:30,T2,已于09:13到达
MF3068,昆明,成都,,9:30,T2,已于09:13到达
CZ3473,郑州,成都,,9:30,T2,已于09:16到达
3U3059,郑州,成都,,9:30,T2,已于09:16到达
MF1353,郑州,成都,,9:30,T2,已于09:16到达
CZ3457,深圳,成都,,9:35,T2,已于08:59到达
3U3053,深圳,成都,,9:35,T2,已于08:59到达
MF1297,深圳,成都,,9:35,T2,已于08:59到达
MF1337,深圳,成都,,9:35,T2,已于08:59到达
MU3279,深圳,成都,,9:35,T2,已于08:59到达
JD5161,广州,成都,,9:40,T2,已于09:33到达
ZH9441,广州,成都,,9:45,T2,已于09:44到达
CA3741,广州,成都,,9:45,T2,已于09:44到达
CA4431,成都,成都,,9:45,T2,已于09:28到达
9C8985,石家庄,成都,,9:45,T2,已于09:31到达
3U8896,北京,成都,,9:50,T1,计划09:50到达
CZ9658,北京,成都,,9:50,T1,计划09:50到达
ZH3808,北京,成都,,9:50,T1,计划09:50到达
MU5233,太原,成都,,9:50,T2,已于09:51到达
3U5100,太原,成都,,9:50,T2,已于09:51到达
CA8221,武汉,成都,,9:50,T2,已于09:42到达
ZH4821,武汉,成都,,9:50,T2,已于09:42到达
ZH9541,无锡,成都,,9:55,T2,已于09:25到达
CA3841,无锡,成都,,9:55,T2,已于09:25到达
3U8006,稻城亚丁,成都,,9:55,T1,已于09:35到达
CZ4902,稻城亚丁,成都,,9:55,T1,已于09:35到达
EU7002,稻城亚丁,成都,,9:55,T1,已于09:35到达
MU4630,稻城亚丁,成都,,9:55,T1,已于09:35到达
ZH3830,稻城亚丁,成都,,9:55,T1,已于09:35到达
CA4010,邦达,成都,,10:00,T2,已于09:24到达
CA4008,邦达,成都,,10:10,T2,已于09:40到达
CA4194,北京,成都,,10:10,T2,已于09:59到达
ZH4194,北京,成都,,10:10,T2,已于09:59到达
MU2805,南京,成都,,10:10,T2,已于09:47到达
3U5042,南京,成都,,10:10,T2,已于09:47到达
CZ3447,武汉,成都,,10:10,T2,已于10:01到达
MF1327,武汉,成都,,10:10,T2,已于10:01到达
GX8965,南宁,成都,,10:15,T2,已于09:53到达
KY3019,长沙,成都,,10:15,T2,已于10:13到达
CA5789,长沙,成都,,10:15,T2,已于10:13到达
EU2231,成都,成都,,10:20,T2,已于10:30到达
KN5215,北京南苑,成都,,10:20,T2,已于10:16到达
CA8971,大连,成都,,10:20,T2,已于10:05到达
SC8971,大连,成都,,10:20,T2,已于10:05到达
TV6491,大连,成都,,10:20,T2,已于10:05到达
ZH4671,大连,成都,,10:20,T2,已于10:05到达
MU9937,宁波,成都,,10:20,T2,已于09:55到达
MF8435,福州,成都,,10:25,T2,已于10:07到达
MF8401,厦门,成都,,10:25,T2,已于10:03到达
DZ6301,南通,成都,,10:25,T2,已于10:37到达
CA4418,昆明,成都,,10:25,T2,已于09:57到达
KY4418,昆明,成都,,10:25,T2,已于09:57到达
SC4418,昆明,成都,,10:25,T2,已于09:57到达
ZH4418,昆明,成都,,10:25,T2,已于09:57到达
HU7741,深圳,成都,,10:30,T2,已于10:11到达
CA4330,深圳,成都,,10:30,T2,已于13:27到达
SC4330,深圳,成都,,10:30,T2,已于13:27到达
TV6368,深圳,成都,,10:30,T2,已于13:27到达
ZH4330,深圳,成都,,10:30,T2,已于13:27到达
HU7147,北京,成都,,10:35,T2,已于10:19到达
CZ3401,广州,成都,,10:35,T2,已于10:27到达
3U3171,广州,成都,,10:35,T2,已于10:27到达
MF1253,广州,成都,,10:35,T2,已于10:27到达
MU3191,广州,成都,,10:35,T2,已于10:27到达
UQ2515,乌鲁木齐,成都,,10:35,T2,已于10:45到达
3U8100,圣彼得堡,成都,,10:35,T1,已于11:17到达
CA1741,杭州,成都,,10:35,T2,已于10:47到达
TV6247,杭州,成都,,10:35,T2,已于10:47到达
ZH1741,杭州,成都,,10:35,T2,已于10:47到达
CA1427,天津,成都,,10:40,T2,已于10:35到达
TV6233,天津,成都,,10:40,T2,已于10:35到达
ZH1427,天津,成都,,10:40,T2,已于10:35到达
CA4416,大理,成都,,10:40,T2,已于10:51到达
SC4416,大理,成都,,10:40,T2,已于10:51到达
ZH4416,大理,成都,,10:40,T2,已于10:51到达
GY7183,贵阳,成都,,10:45,T2,已于10:25到达
ZH9401,深圳,成都,,10:45,T2,已于10:22到达
CA3701,深圳,成都,,10:45,T2,已于10:22到达
CA1405,北京,成都,,10:45,T2,已于10:39到达
ZH1405,北京,成都,,10:45,T2,已于10:39到达
MU2653,武汉,成都,,10:50,T2,已于10:33到达
3U5050,武汉,成都,,10:50,T2,已于10:33到达
HO1119,上海虹桥,成都,,10:55,T2,已于11:05到达
3U2235,上海虹桥,成都,,10:55,T2,已于11:05到达
CA3293,上海虹桥,成都,,10:55,T2,已于11:05到达
MU4729,上海虹桥,成都,,10:55,T2,已于11:05到达
CA1947,上海浦东,成都,,10:55,T2,已于10:53到达
TV6257,上海浦东,成都,,10:55,T2,已于10:53到达
ZH1947,上海浦东,成都,,10:55,T2,已于10:53到达
3U8574,西双版纳,成都,,10:55,T1,已于10:58到达
CZ4954,西双版纳,成都,,10:55,T1,已于10:58到达
HO3434,西双版纳,成都,,10:55,T1,已于10:58到达
MU3910,西双版纳,成都,,10:55,T1,已于10:58到达
UA2812,重庆,成都,,11:00,T1,已于13:31到达
MU2905,无锡,成都,,11:00,T2,已于11:15到达
CA4372,长沙,成都,,11:00,T2,已于10:50到达
SC4372,长沙,成都,,11:00,T2,已于10:50到达
TV6386,长沙,成都,,11:00,T2,已于10:50到达
ZH4372,长沙,成都,,11:00,T2,已于10:50到达
SC4901,济南,成都,,11:05,T2,已于11:00到达
CA4901,济南,成都,,11:05,T2,已于11:00到达
MF8423,杭州,成都,,11:05,T2,已于11:13到达
CA4432,林芝,成都,,11:10,T2,计划11:10到达
ZH4432,林芝,成都,,11:10,T2,计划11:10到达
CZ6161,北京,成都,,11:10,T2,已于10:55到达
3U3111,北京,成都,,11:10,T2,已于10:55到达
MF1819,北京,成都,,11:10,T2,已于10:55到达
MF1901,北京,成都,,11:10,T2,已于10:55到达
GJ8679,杭州,成都,,11:10,T2,已于11:03到达
EU220T,南京,成都,,11:10,T2,已于11:23到达
CA4112,北京,成都,,11:15,T2,已于11:38到达
SC4112,北京,成都,,11:15,T2,已于11:38到达
ZH4112,北京,成都,,11:15,T2,已于11:38到达
CA4508,南昌,成都,,11:15,T2,已于11:09到达
SC4508,南昌,成都,,11:15,T2,已于11:09到达
ZH4508,南昌,成都,,11:15,T2,已于11:09到达
EU1802,长沙,成都,,11:20,T2,已于11:07到达
MU5401,上海虹桥,成都,,11:20,T2,已于10:42到达
3U5014,上海虹桥,成都,,11:20,T2,已于10:42到达
TV9870,重庆,成都,,11:20,T2,已于11:25到达
TV6076,邦达,成都,,11:20,T2,已于10:09到达
TV9881,拉萨,成都,,11:25,T2,已于11:32到达
CA3965,拉萨,成都,,11:25,T2,已于11:32到达
CZ3767,珠海,成都,,11:30,T2,已于11:27到达
MF1573,珠海,成都,,11:30,T2,已于11:27到达
3U8426,邯郸,成都,,11:30,T1,已于11:28到达
EU7030,邯郸,成都,,11:30,T1,已于11:28到达
CZ6941,乌鲁木齐,成都,,11:35,T2,已于11:20到达
3U3147,乌鲁木齐,成都,,11:35,T2,已于11:20到达
MF4563,乌鲁木齐,成都,,11:35,T2,已于11:20到达
MU4585,乌鲁木齐,成都,,11:35,T2,已于11:20到达
MU2217,西宁,成都,,11:40,T2,已于11:11到达
MU2464,武汉,成都,,11:45,T2,已于11:30到达
3U5048,武汉,成都,,11:45,T2,已于11:30到达
CZ3437,广州,成都,,11:45,T2,已于12:03到达
3U3043,广州,成都,,11:45,T2,已于12:03到达
MF1281,广州,成都,,11:45,T2,已于12:03到达
3U8694,林芝,成都,,11:45,T1,已于11:40到达
CZ4970,林芝,成都,,11:45,T1,已于11:40到达
EU7046,林芝,成都,,11:45,T1,已于11:40到达
3U8658,拉萨,成都,,11:50,T1,已于11:47到达
CZ4964,拉萨,成都,,11:50,T1,已于11:47到达
MU4618,拉萨,成都,,11:50,T1,已于11:47到达
3U8632,洛杉矶,成都,,11:50,T1,已于11:35到达
MU3946,洛杉矶,成都,,11:50,T1,已于11:35到达
3U8646,广州,成都,,11:55,T1,已于12:12到达
MU5843,昆明,成都,,12:05,T2,已于11:54到达
3U5126,昆明,成都,,12:05,T2,已于11:54到达
MF3070,昆明,成都,,12:05,T2,已于11:54到达
CA4410,邦达,成都,,12:10,T2,已于12:00到达
ZH4410,邦达,成都,,12:10,T2,已于12:00到达
CA4310,广州,成都,,12:15,T2,已于16:27到达
SC4310,广州,成都,,12:15,T2,已于16:27到达
TV6352,广州,成都,,12:15,T2,已于16:27到达
ZH4310,广州,成都,,12:15,T2,已于16:27到达
QW9879,青岛,成都,,12:15,T2,已于12:09到达
ZZBJN097,杭州,成都,,12:15,T2,已于11:50到达
ZZB602M,北京,成都,,12:20,T2,已于12:30到达
CA402T,红原,成都,,12:20,T2,已于12:50到达
3U8064,珠海,成都,,12:20,T1,已于12:24到达
CZ4908,珠海,成都,,12:20,T1,已于12:24到达
ZH3864,珠海,成都,,12:20,T1,已于12:24到达
9C8887,上海虹桥,成都,,12:20,T2,已于12:06到达
CZ6439,大连,成都,,12:20,T2,已于11:52到达
MU5403,上海浦东,成都,,12:25,T2,已于11:56到达
3U5002,上海浦东,成都,,12:25,T2,已于11:56到达
HO3689,上海浦东,成都,,12:25,T2,已于11:56到达
JL5681,上海浦东,成都,,12:25,T2,已于11:56到达
QF4011,上海浦东,成都,,12:25,T2,已于11:56到达
TV9848,林芝,成都,,12:25,T2,计划12:25到达
CA3952,林芝,成都,,12:25,T2,计划12:25到达
CA4590,常州,成都,,12:30,T2,已于13:03到达
SC4590,常州,成都,,12:30,T2,已于13:03到达
TV6480,常州,成都,,12:30,T2,已于13:03到达
ZH4590,常州,成都,,12:30,T2,已于13:03到达
CA4402,拉萨,成都,,12:35,T2,已于12:46到达
SC4402,拉萨,成都,,12:35,T2,已于12:46到达
TV6288,拉萨,成都,,12:35,T2,已于12:46到达
ZH4402,拉萨,成都,,12:35,T2,已于12:46到达
3U8698,拉萨,成都,,12:35,T1,已于12:15到达
CZ4974,拉萨,成都,,12:35,T1,已于12:15到达
MU4622,拉萨,成都,,12:35,T1,已于12:15到达
KA886,香港,成都,,12:40,T1,已于12:18到达
CA6502,香港,成都,,12:40,T1,已于12:18到达
CX5886,香港,成都,,12:40,T1,已于12:18到达
MU5405,上海虹桥,成都,,12:40,T2,已于11:57到达
3U5012,上海虹桥,成都,,12:40,T2,已于11:57到达
CA4252,林芝,成都,,12:45,T2,已于12:26到达
SC4252,林芝,成都,,12:45,T2,已于12:26到达
ZH4252,林芝,成都,,12:45,T2,已于12:26到达
CA4522,合肥,成都,,12:45,T2,已于13:10到达
SC4522,合肥,成都,,12:45,T2,已于13:10到达
ZH4522,合肥,成都,,12:45,T2,已于13:10到达
CZ8648,稻城亚丁,成都,,12:45,T2,已于12:21到达
CZ6401,沈阳桃仙,成都,,12:50,T2,已于12:58到达
3U3135,沈阳桃仙,成都,,12:50,T2,已于12:58到达
MF4103,沈阳桃仙,成都,,12:50,T2,已于12:58到达
MU4745,沈阳桃仙,成都,,12:50,T2,已于12:58到达
TV9806,三亚,成都,,12:50,T2,已于12:28到达
CA3914,三亚,成都,,12:50,T2,已于12:28到达
KL891,阿姆斯特丹,成都,,12:50,T1,已于14:31到达
3U8061,乌鲁木齐,成都,,12:50,T1,已于19:30到达
MU3970,乌鲁木齐,成都,,12:50,T1,已于19:30到达
3U8702,深圳,成都,,12:55,T1,已于12:32到达
CZ4976,深圳,成都,,12:55,T1,已于12:32到达
MF5056,深圳,成都,,12:55,T1,已于12:32到达
ZH3832,深圳,成都,,12:55,T1,已于12:32到达
MU9638,湛江,成都,,12:55,T2,已于13:07到达
ZH9565,南京,成都,,13:00,T2,已于12:52到达
CA3865,南京,成都,,13:00,T2,已于12:52到达
HO1097,上海虹桥,成都,,13:00,T2,已于12:41到达
3U2239,上海虹桥,成都,,13:00,T2,已于12:41到达
MU4731,上海虹桥,成都,,13:00,T2,已于12:41到达
MU5777,大理,成都,,13:05,T2,已于14:12到达
CA1415,北京,成都,,13:05,T2,已于12:38到达
ZH1415,北京,成都,,13:05,T2,已于12:38到达
EU2236,广州,成都,,13:05,T2,已于13:01到达
3U8260,青岛,成都,,13:05,T1,已于12:34到达
EU7026,青岛,成都,,13:05,T1,已于12:34到达
SC7056,青岛,成都,,13:05,T1,已于12:34到达
3U8738,广州,成都,,13:10,T1,已于12:48到达
CZ4986,广州,成都,,13:10,T1,已于12:48到达
MU5845,昆明,成都,,13:10,T2,已于12:43到达
3U5128,昆明,成都,,13:10,T2,已于12:43到达
MF3072,昆明,成都,,13:10,T2,已于12:43到达
CZ6255,哈尔滨,成都,,13:10,T2,已于13:18到达
3U3125,哈尔滨,成都,,13:10,T2,已于13:18到达
MF1977,哈尔滨,成都,,13:10,T2,已于13:18到达
CZ6441,长春,成都,,13:15,T2,已于13:13到达
3U3139,长春,成都,,13:15,T2,已于13:13到达
CA4592,上海浦东,成都,,13:15,T2,计划13:15到达
ZH4592,上海浦东,成都,,13:15,T2,计划13:15到达
3U8010,九寨黄龙,成都,,13:15,T1,已于13:05到达
3U8774,南宁,成都,,13:20,T1,已于17:03到达
CZ4996,南宁,成都,,13:20,T1,已于17:03到达
MU4044,南宁,成都,,13:20,T1,已于17:03到达
ZH3802,南宁,成都,,13:20,T1,已于17:03到达
CA4374,揭阳,成都,,13:20,T2,已于13:08到达
SC4374,揭阳,成都,,13:20,T2,已于13:08到达
TV6388,揭阳,成都,,13:20,T2,已于13:08到达
ZH4374,揭阳,成都,,13:20,T2,已于13:08到达
CA4462,攀枝花,成都,,13:20,T2,已于12:56到达
TV6428,攀枝花,成都,,13:20,T2,已于12:56到达
ZH4462,攀枝花,成都,,13:20,T2,已于12:56到达
CA460,东京成田,成都,,13:20,T1,已于12:36到达
8L9666,拉萨,成都,,13:45,T2,已于13:38到达
CZ6925,库尔勒,成都,,13:50,T2,已于13:29到达
MU4785,库尔勒,成都,,13:50,T2,已于13:29到达
EU2218,深圳,成都,,13:55,T2,已于13:34到达
3U1610,深圳,成都,,13:55,T2,已于13:34到达
3U8116,银川,成都,,13:55,T1,已于13:36到达
CA4512,青岛,成都,,14:00,T2,已于13:25到达
SC4512,青岛,成都,,14:00,T2,已于13:25到达
TV6438,青岛,成都,,14:00,T2,已于13:25到达
ZH4512,青岛,成都,,14:00,T2,已于13:25到达
CA4306,广州,成都,,14:00,T2,已于14:21到达
SC4306,广州,成都,,14:00,T2,已于14:21到达
TV6348,广州,成都,,14:00,T2,已于14:21到达
ZH4306,广州,成都,,14:00,T2,已于14:21到达
ZH9403,深圳,成都,,14:00,T2,已于13:14到达
CA3703,深圳,成都,,14:00,T2,已于13:14到达
EU2210,沈阳桃仙,成都,,14:05,T2,已于14:19到达
3U1608,沈阳桃仙,成都,,14:05,T2,已于14:19到达
CZ6183,北京,成都,,14:10,T2,已于14:00到达
3U3117,北京,成都,,14:10,T2,已于14:00到达
MF1835,北京,成都,,14:10,T2,已于14:00到达
3U8490,福州,成都,,14:10,T1,已于14:59到达
MF5032,福州,成都,,14:10,T1,已于14:59到达
MF8441,厦门,成都,,14:15,T2,已于13:49到达
MU2252,杭州,成都,,14:20,T2,已于13:53到达
3U5086,杭州,成都,,14:20,T2,已于13:53到达
3U8895,西昌,成都,,14:20,T1,已于13:55到达
3U8924,南京,成都,,14:20,T1,已于14:09到达
HO3446,南京,成都,,14:20,T1,已于14:09到达
MU3902,南京,成都,,14:20,T1,已于14:09到达
ZH3818,南京,成都,,14:20,T1,已于14:09到达
3U8882,北京,成都,,14:20,T1,已于14:57到达
CZ9644,北京,成都,,14:20,T1,已于14:57到达
EU7054,北京,成都,,14:20,T1,已于14:57到达
MF5092,北京,成都,,14:20,T1,已于14:57到达
TV9817,日喀则,成都,,14:30,T2,已于13:46到达
MU5407,上海浦东,成都,,14:30,T2,已于13:41到达
3U5006,上海浦东,成都,,14:30,T2,已于13:41到达
HO3691,上海浦东,成都,,14:30,T2,已于13:41到达
QF4200,上海浦东,成都,,14:30,T2,已于13:41到达
CZ3471,郑州,成都,,14:35,T2,已于14:23到达
3U3057,郑州,成都,,14:35,T2,已于14:23到达
MF1351,郑州,成都,,14:35,T2,已于14:23到达
HU7085,海口,成都,,14:35,T2,已于14:03到达
CA4463,成都,成都,,14:40,T2,已于14:36到达
BK2851,天津,成都,,14:45,T2,已于14:27到达
CA4338,深圳,成都,,14:45,T2,已于14:25到达
TV6372,深圳,成都,,14:45,T2,已于14:25到达
ZH4338,深圳,成都,,14:45,T2,已于14:25到达
CZ3443,广州,成都,,14:45,T2,已于15:25到达
3U3047,广州,成都,,14:45,T2,已于15:25到达
MF1285,广州,成都,,14:45,T2,已于15:25到达
MU3221,广州,成都,,14:45,T2,已于15:25到达
HU7095,三亚,成都,,14:55,T2,已于14:14到达
3U8870,厦门,成都,,14:55,T1,已于14:39到达
MF5086,厦门,成都,,14:55,T1,已于14:39到达
QR860,多哈,成都,,14:55,T1,已于15:13到达
TG618,曼谷素万那普,成都,,15:00,T1,已于14:42到达
NX198,澳门,成都,,15:00,T1,已于14:44到达
CA5418,澳门,成都,,15:00,T1,已于14:44到达
3U8651,成都,成都,,15:00,T1,已于14:49到达
MU5826,拉萨,成都,,15:00,T2,已于14:38到达
CA4414,昆明,成都,,15:05,T2,已于14:29到达
KY4414,昆明,成都,,15:05,T2,已于14:29到达
SC4414,昆明,成都,,15:05,T2,已于14:29到达
ZH4414,昆明,成都,,15:05,T2,已于14:29到达
CA4160,库尔勒,成都,,15:10,T2,已于14:17到达
ZH4160,库尔勒,成都,,15:10,T2,已于14:17到达
CA1963,温州,成都,,15:10,T2,已于14:34到达
TV6263,温州,成都,,15:10,T2,已于14:34到达
ZH1963,温州,成都,,15:10,T2,已于14:34到达
3U8962,上海浦东,成都,,15:15,T1,已于14:51到达
CZ9672,上海浦东,成都,,15:15,T1,已于14:51到达
HO3448,上海浦东,成都,,15:15,T1,已于14:51到达
MU3932,上海浦东,成都,,15:15,T1,已于14:51到达
3U8636,沈阳桃仙,成都,,15:15,T1,已于15:48到达
CA4504,上海浦东,成都,,15:15,T2,已于15:22到达
SC4504,上海浦东,成都,,15:15,T2,已于15:22到达
TV6432,上海浦东,成都,,15:15,T2,已于15:22到达
ZH4504,上海浦东,成都,,15:15,T2,已于15:22到达
CZ3453,深圳,成都,,15:20,T2,已于14:55到达
3U3049,深圳,成都,,15:20,T2,已于14:55到达
MF1293,深圳,成都,,15:20,T2,已于14:55到达
MF1333,深圳,成都,,15:20,T2,已于14:55到达
MU3278,深圳,成都,,15:20,T2,已于14:55到达
CA4152,乌鲁木齐,成都,,15:20,T2,已于15:03到达
SC4152,乌鲁木齐,成都,,15:20,T2,已于15:03到达
ZH4152,乌鲁木齐,成都,,15:20,T2,已于15:03到达
CA4114,北京,成都,,15:20,T2,已于14:47到达
ZH4114,北京,成都,,15:20,T2,已于14:47到达
CA4308,广州,成都,,15:30,T2,已于15:50到达
SC4308,广州,成都,,15:30,T2,已于15:50到达
TV6280,广州,成都,,15:30,T2,已于15:50到达
ZH4308,广州,成都,,15:30,T2,已于15:50到达
ZH9405,深圳,成都,,15:35,T2,已于15:05到达
CA3705,深圳,成都,,15:35,T2,已于15:05到达
MU2219,上海虹桥,成都,,15:35,T2,已于15:07到达
3U5022,上海虹桥,成都,,15:35,T2,已于15:07到达
MU5322,广州,成都,,15:40,T2,已于18:16到达
MU5419,上海浦东,成都,,15:40,T2,已于15:01到达
QF4240,上海浦东,成都,,15:40,T2,已于15:01到达
ZH9445,广州,成都,,15:45,T2,已于15:34到达
CA3879,广州,成都,,15:45,T2,已于15:34到达
JD5109,青岛,成都,,15:45,T2,已于15:37到达
MU2651,武汉,成都,,15:50,T2,已于15:27到达
3U5052,武汉,成都,,15:50,T2,已于15:27到达
G52725,重庆,成都,,15:50,T2,已于15:17到达
EU2234,珠海,成都,,15:50,T2,已于15:19到达
8L9628,拉萨,成都,,15:50,T2,已于15:09到达
3U8628,无锡,成都,,15:55,T1,已于15:11到达
EU7042,无锡,成都,,15:55,T1,已于15:11到达
ZH3826,无锡,成都,,15:55,T1,已于15:11到达
8L961T,济南,成都,,15:55,T2,已于15:57到达
CA4406,拉萨,成都,,16:05,T2,已于15:30到达
SC4406,拉萨,成都,,16:05,T2,已于15:30到达
ZH4406,拉萨,成都,,16:05,T2,已于15:30到达
CA4530,宁波,成都,,16:10,T2,已于15:46到达
SC4530,宁波,成都,,16:10,T2,已于15:46到达
TV6450,宁波,成都,,16:10,T2,已于15:46到达
ZH4530,宁波,成都,,16:10,T2,已于15:46到达
CA4178,哈尔滨,成都,,16:10,T2,已于16:03到达
TV6308,哈尔滨,成都,,16:10,T2,已于16:03到达
ZH4178,哈尔滨,成都,,16:10,T2,已于16:03到达
MU5500,杭州,成都,,16:10,T2,已于15:59到达
3U5088,杭州,成都,,16:10,T2,已于15:59到达
3U8288,清莱,成都,,16:10,T1,已于15:15到达
CA4198,北京,成都,,16:15,T2,已于15:41到达
ZH4198,北京,成都,,16:15,T2,已于15:41到达
3U8670,石家庄,成都,,16:15,T1,已于15:39到达
MU4008,石家庄,成都,,16:15,T1,已于15:39到达
CA4046,长春,成都,,16:15,T2,已于16:07到达
3U8428,连城,成都,,16:20,T1,已于15:55到达
EU7032,连城,成都,,16:20,T1,已于15:55到达
SC7058,连城,成都,,16:20,T1,已于15:55到达
CZ8243,上海虹桥,成都,,16:20,T2,已于15:44到达
MF4286,上海虹桥,成都,,16:20,T2,已于15:44到达
HU7751,深圳,成都,,16:20,T2,已于15:52到达
3U8652,攀枝花,成都,,16:25,T1,计划16:25到达
CZ4962,攀枝花,成都,,16:25,T1,计划16:25到达
EU7044,攀枝花,成都,,16:25,T1,计划16:25到达
HO3440,攀枝花,成都,,16:25,T1,计划16:25到达
ZH3892,攀枝花,成都,,16:25,T1,计划16:25到达
8L9608,三亚,成都,,16:25,T2,已于17:22到达
CA4186,沈阳桃仙,成都,,16:30,T2,已于17:07到达
TV6314,沈阳桃仙,成都,,16:30,T2,已于17:07到达
ZH4186,沈阳桃仙,成都,,16:30,T2,已于17:07到达
ZH9543,无锡,成都,,16:40,T2,已于16:01到达
CA3843,无锡,成都,,16:40,T2,已于16:01到达
3U8884,北京,成都,,16:40,T1,已于16:09到达
CZ9646,北京,成都,,16:40,T1,已于16:09到达
EU7056,北京,成都,,16:40,T1,已于16:09到达
MF5094,北京,成都,,16:40,T1,已于16:09到达
KY8239,昆明,成都,,16:45,T2,已于16:23到达
ZH9488,泉州,成都,,16:45,T2,已于16:05到达
CA3788,泉州,成都,,16:45,T2,已于16:05到达
EU6670,哈尔滨,成都,,16:45,T2,已于16:12到达
3U1664,哈尔滨,成都,,16:45,T2,已于16:12到达
EU2736,厦门,成都,,16:45,T2,已于16:15到达
3U1648,厦门,成都,,16:45,T2,已于16:15到达
3U8998,福州,成都,,16:50,T1,已于16:44到达
EU7068,福州,成都,,16:50,T1,已于16:44到达
MF5126,福州,成都,,16:50,T1,已于16:44到达
MU3924,福州,成都,,16:50,T1,已于16:44到达
3U8772,嘉峪关,成都,,16:55,T1,已于16:46到达
MU3966,嘉峪关,成都,,16:55,T1,已于16:46到达
CA4232,银川,成都,,17:05,T2,已于17:11到达
ZH4232,银川,成都,,17:05,T2,已于17:11到达
CA4190,长春,成都,,17:05,T2,已于17:00到达
TV6318,长春,成都,,17:05,T2,已于17:00到达
ZH4190,长春,成都,,17:05,T2,已于17:00到达
ZH9472,南昌,成都,,17:05,T2,已于16:42到达
CA3502,南昌,成都,,17:05,T2,已于16:42到达
MU9696,常州,成都,,17:10,T2,已于16:40到达
CA408,加德满都,成都,,17:10,T1,已于17:16到达
3U8786,日照山字河,成都,,17:10,T1,已于16:38到达
MU3974,日照山字河,成都,,17:10,T1,已于16:38到达
CA4108,北京,成都,,17:10,T2,已于16:36到达
ZH4108,北京,成都,,17:10,T2,已于16:36到达
TV9926,哈尔滨,成都,,17:15,T2,计划17:15到达
CA3986,哈尔滨,成都,,17:15,T2,计划17:15到达
CA4464,攀枝花,成都,,17:15,T2,计划17:15到达
ZH4464,攀枝花,成都,,17:15,T2,计划17:15到达
CA4258,哈密,成都,,17:20,T2,已于16:30到达
ZH4258,哈密,成都,,17:20,T2,已于16:30到达
CA4532,烟台,成都,,17:20,T2,已于17:25到达
SC4532,烟台,成都,,17:20,T2,已于17:25到达
ZH4532,烟台,成都,,17:20,T2,已于17:25到达
EU6674,舟山,成都,,17:20,T2,已于17:20到达
3U1668,舟山,成都,,17:20,T2,已于17:20到达
MI936,新加坡樟宜,成都,,17:20,T1,已于17:05到达
CA5292,新加坡樟宜,成都,,17:20,T1,已于17:05到达
SQ5136,新加坡樟宜,成都,,17:20,T1,已于17:05到达
VA5811,新加坡樟宜,成都,,17:20,T1,已于17:05到达
CA4032,克拉玛依,成都,,17:25,T2,已于16:48到达
SC4032,克拉玛依,成都,,17:25,T2,已于16:48到达
ZH4032,克拉玛依,成都,,17:25,T2,已于16:48到达
3U8696,拉萨,成都,,17:30,T1,已于16:53到达
CZ4972,拉萨,成都,,17:30,T1,已于16:53到达
MU4624,拉萨,成都,,17:30,T1,已于16:53到达
CA4068,长沙,成都,,17:30,T2,已于17:36到达
CA4222,惠州,成都,,17:35,T2,已于17:41到达
TV6328,惠州,成都,,17:35,T2,已于17:41到达
ZH4222,惠州,成都,,17:35,T2,已于17:41到达
MU5769,腾冲,成都,,17:35,T2,已于17:31到达
MU2815,南京,成都,,17:40,T2,已于17:29到达
3U5044,南京,成都,,17:40,T2,已于17:29到达
TV9866,上海虹桥,成都,,17:40,T2,已于16:50到达
CA3954,上海虹桥,成都,,17:40,T2,已于16:50到达
3U8928,宁波,成都,,17:40,T1,已于17:13到达
MU3958,宁波,成都,,17:40,T1,已于17:13到达
ZH3824,宁波,成都,,17:40,T1,已于17:13到达
3U8812,大连,成都,,17:50,T1,已于17:43到达
CZ9614,大连,成都,,17:50,T1,已于17:43到达
G58672,大连,成都,,17:50,T1,已于17:43到达
MU3962,大连,成都,,17:50,T1,已于17:43到达
SC7030,大连,成都,,17:50,T1,已于17:43到达
HU7731,深圳,成都,,17:50,T2,已于17:17到达
HO1269,上海虹桥,成都,,17:50,T2,已于17:33到达
MU4829,上海虹桥,成都,,17:50,T2,已于17:33到达
CA4318,广州,成都,,17:55,T2,已于17:37到达
SC4318,广州,成都,,17:55,T2,已于17:37到达
TV6282,广州,成都,,17:55,T2,已于17:37到达
ZH4318,广州,成都,,17:55,T2,已于17:37到达
CZ6673,沈阳桃仙,成都,,17:55,T2,已于17:47到达
3U3137,沈阳桃仙,成都,,17:55,T2,已于17:47到达
EU6672,上海虹桥,成都,,17:55,T2,已于17:27到达
3U1666,上海虹桥,成都,,17:55,T2,已于17:27到达
3U8878,哈尔滨,成都,,17:55,T1,已于18:24到达
CZ9642,哈尔滨,成都,,17:55,T1,已于18:24到达
G58698,哈尔滨,成都,,17:55,T1,已于18:24到达
MU3964,哈尔滨,成都,,17:55,T1,已于18:24到达
ZH3504,哈尔滨,成都,,17:55,T1,已于18:24到达
ZH3508,哈尔滨,成都,,17:55,T1,已于18:24到达
CZ3903,北京,成都,,18:00,T2,已于17:39到达
3U3101,北京,成都,,18:00,T2,已于17:39到达
MF1683,北京,成都,,18:00,T2,已于17:39到达
MF1761,北京,成都,,18:00,T2,已于17:39到达
HU7247,北京,成都,,18:05,T2,已于17:54到达
HU7351,广州,成都,,18:05,T2,已于17:51到达
8L9928,,成都,,18:05,T2,已于17:09到达
CA4116,北京,成都,,18:10,T2,已于17:45到达
ZH4116,北京,成都,,18:10,T2,已于17:45到达
CA4111,拉萨,成都,,18:15,T2,已于18:02到达
SC4111,拉萨,成都,,18:15,T2,已于18:02到达
ZH4111,拉萨,成都,,18:15,T2,已于18:02到达
MU5755,大理,成都,,18:15,T2,已于17:57到达
FM9403,上海虹桥,成都,,18:20,T2,已于17:49到达
MU9403,上海虹桥,成都,,18:20,T2,已于17:49到达
CZ3417,广州,成都,,18:20,T2,已于18:05到达
3U3033,广州,成都,,18:20,T2,已于18:05到达
MF1265,广州,成都,,18:20,T2,已于18:05到达
MU3205,广州,成都,,18:20,T2,已于18:05到达
CA4591,西昌,成都,,18:25,T2,已于18:01到达
SC4591,西昌,成都,,18:25,T2,已于18:01到达
ZH4591,西昌,成都,,18:25,T2,已于18:01到达
ZH9407,深圳,成都,,18:25,T2,已于18:07到达
CA3707,深圳,成都,,18:25,T2,已于18:07到达
MU5849,昆明,成都,,18:35,T2,已于18:09到达
MF3076,昆明,成都,,18:35,T2,已于18:09到达
CZ6249,大庆,成都,,18:35,T2,已于18:14到达
MF4711,大庆,成都,,18:35,T2,已于18:14到达
CZ6881,乌鲁木齐,成都,,18:35,T2,已于17:59到达
3U8106,太原,成都,,18:35,T1,已于18:28到达
MU3976,太原,成都,,18:35,T1,已于18:28到达
CA4540,厦门,成都,,18:40,T2,已于18:26到达
SC4540,厦门,成都,,18:40,T2,已于18:26到达
TV6460,厦门,成都,,18:40,T2,已于18:26到达
ZH4540,厦门,成都,,18:40,T2,已于18:26到达
CA416,缅甸仰光,成都,,18:40,TM,已于18:18到达
KY2416,缅甸仰光,成都,,18:40,TM,已于18:18到达
MF8447,泉州,成都,,18:40,T2,已于18:11到达
EU2710,沈阳桃仙,成都,,18:45,T2,已于18:36到达
3U1636,沈阳桃仙,成都,,18:45,T2,已于18:36到达
CA4452,丽江,成都,,18:45,T2,计划18:45到达
SC4452,丽江,成都,,18:45,T2,计划18:45到达
TV6426,丽江,成都,,18:45,T2,计划18:45到达
ZH4452,丽江,成都,,18:45,T2,计划18:45到达
3U8886,北京,成都,,18:45,T1,已于18:20到达
CZ9648,北京,成都,,18:45,T1,已于18:20到达
MF5096,北京,成都,,18:45,T1,已于18:20到达
EU6667,成都,成都,,18:50,T2,计划18:50到达
NS3209,石家庄,成都,,18:50,T2,已于18:37到达
MU5779,香格里拉,成都,,18:55,T2,已于18:42到达
KN2307,石家庄,成都,,18:55,T2,已于18:46到达
CA4480,上海浦东,成都,,19:00,T2,计划19:00到达
MF8451,福州,成都,,19:00,T2,已于18:49到达
9C8758,普吉,成都,,19:05,T1,已于18:51到达
CA1407,北京,成都,,19:05,T2,已于18:34到达
ZH1407,北京,成都,,19:05,T2,已于18:34到达
3U8964,上海浦东,成都,,19:10,T1,已于18:22到达
CZ9674,上海浦东,成都,,19:10,T1,已于18:22到达
HO3450,上海浦东,成都,,19:10,T1,已于18:22到达
MU3934,上海浦东,成都,,19:10,T1,已于18:22到达
3U8502,温哥华,成都,,19:10,T1,计划19:10到达
GJ8885,杭州,成都,,19:10,T2,已于18:31到达
CA4506,南京,成都,,19:15,T2,已于18:44到达
SC4506,南京,成都,,19:15,T2,已于18:44到达
ZH4506,南京,成都,,19:15,T2,已于18:44到达
CA1949,上海浦东,成都,,19:15,T2,已于18:59到达
ZH1949,上海浦东,成都,,19:15,T2,已于18:59到达
FM9549,上海虹桥,成都,,19:25,T2,已于18:40到达
MU9549,上海虹桥,成都,,19:25,T2,已于18:40到达
MF8453,杭州,成都,,19:25,T2,已于19:05到达
CA408,加德满都,成都,,19:25,TM,计划19:25到达
3U8704,深圳,成都,,19:30,T1,已于18:55到达
CZ4978,深圳,成都,,19:30,T1,已于18:55到达
MF5058,深圳,成都,,19:30,T1,已于18:55到达
ZH3834,深圳,成都,,19:30,T1,已于18:55到达
3U8858,长春,成都,,19:35,T1,已于19:14到达
CZ9636,长春,成都,,19:35,T1,已于19:14到达
TV9824,拉萨,成都,,19:35,T2,已于19:07到达
HU7407,上海浦东,成都,,19:35,T2,已于19:09到达
TV9882,上海虹桥,成都,,19:40,T2,已于19:20到达
CA3966,上海虹桥,成都,,19:40,T2,已于19:20到达
EY818,阿布扎比,成都,,19:40,T1,已于19:22到达
AZ5756,阿布扎比,成都,,19:40,T1,已于19:22到达
3U8734,广州,成都,,19:45,T1,已于19:12到达
CZ4982,广州,成都,,19:45,T1,已于19:12到达
MU4050,广州,成都,,19:45,T1,已于19:12到达
CA4212,西宁,成都,,19:45,T2,已于19:18到达
TV6326,西宁,成都,,19:45,T2,已于19:18到达
ZH4212,西宁,成都,,19:45,T2,已于19:18到达
EU2288,长春,成都,,19:50,T2,已于19:15到达
3U1626,长春,成都,,19:50,T2,已于19:15到达
JD5177,三亚,成都,,19:50,T2,已于19:44到达
CA4404,拉萨,成都,,19:55,T2,已于19:38到达
SC4404,拉萨,成都,,19:55,T2,已于19:38到达
TV6292,拉萨,成都,,19:55,T2,已于19:38到达
ZH4404,拉萨,成都,,19:55,T2,已于19:38到达
MU5833,芒市,成都,,19:55,T2,已于19:25到达
CA4038,和田,成都,,19:55,T2,已于19:28到达
ZH4038,和田,成都,,19:55,T2,已于19:28到达
CA1425,北京,成都,,20:00,T2,计划20:00到达
ZH1425,北京,成都,,20:00,T2,计划20:00到达
CA4314,深圳,成都,,20:00,T2,已于19:02到达
SC4314,深圳,成都,,20:00,T2,已于19:02到达
TV6356,深圳,成都,,20:00,T2,已于19:02到达
ZH4314,深圳,成都,,20:00,T2,已于19:02到达
CZ6855,和田,成都,,20:05,T2,已于19:36到达
CZ6135,北京,成都,,20:05,T2,已于19:47到达
3U3109,北京,成都,,20:05,T2,已于19:47到达
MF1801,北京,成都,,20:05,T2,已于19:47到达
CA1653,呼和浩特,成都,,20:10,T2,计划20:10到达
TV6241,呼和浩特,成都,,20:10,T2,计划20:10到达
ZH1653,呼和浩特,成都,,20:10,T2,计划20:10到达
CA1745,杭州,成都,,20:10,T2,计划20:10到达
ZH1745,杭州,成都,,20:10,T2,计划20:10到达
CZ6435,大连,成都,,20:15,T2,计划20:15到达
MF4129,大连,成都,,20:15,T2,计划20:15到达
CA4302,广州,成都,,20:15,T2,已于19:42到达
SC4302,广州,成都,,20:15,T2,已于19:42到达
TV6344,广州,成都,,20:15,T2,已于19:42到达
ZH4302,广州,成都,,20:15,T2,已于19:42到达
CZ3865,揭阳,成都,,20:20,T2,已于19:53到达
3U3095,揭阳,成都,,20:20,T2,已于19:53到达
MF1723,揭阳,成都,,20:20,T2,已于19:53到达
CZ3483,广州,成都,,20:20,T2,计划20:20到达
3U3061,广州,成都,,20:20,T2,计划20:20到达
MF1317,广州,成都,,20:20,T2,计划20:20到达
MF1363,广州,成都,,20:20,T2,计划20:20到达
MU3231,广州,成都,,20:20,T2,计划20:20到达
GY7117,贵阳,成都,,20:20,T2,计划20:20到达
8L9630,郑州,成都,,20:25,T2,计划20:25到达
KY8291,昆明,成都,,20:30,T2,计划20:30到达
MU2644,黄山,成都,,20:30,T2,计划20:30到达
TV9894,深圳,成都,,20:30,T2,已于19:34到达
CA404,新加坡樟宜,成都,,20:30,T1,计划20:30到达
CA4316,海口,成都,,20:35,T2,计划20:35到达
SC4316,海口,成都,,20:35,T2,计划20:35到达
TV6358,海口,成都,,20:35,T2,计划20:35到达
ZH4316,海口,成都,,20:35,T2,计划20:35到达
CA1959,温州,成都,,20:35,T2,计划20:35到达
TV6261,温州,成都,,20:35,T2,计划20:35到达
ZH1959,温州,成都,,20:35,T2,计划20:35到达
A67101,昆明,成都,,20:35,T2,计划20:35到达
BK2779,长沙,成都,,20:40,T2,计划20:40到达
SC4713,青岛,成都,,20:40,T2,计划20:40到达
CA4713,青岛,成都,,20:40,T2,计划20:40到达
MU2611,揭阳,成都,,20:40,T2,计划20:40到达
ZH9567,南京,成都,,20:45,T2,计划20:45到达
CA3517,南京,成都,,20:45,T2,计划20:45到达
9C8664,甲米,成都,,20:45,T1,计划20:45到达
3U8888,北京,成都,,20:45,T1,计划20:45到达
CZ9650,北京,成都,,20:45,T1,计划20:45到达
MF5098,北京,成都,,20:45,T1,计划20:45到达
3U8378,大连,成都,,20:50,T1,计划20:50到达
CZ4928,大连,成都,,20:50,T1,计划20:50到达
G58648,大连,成都,,20:50,T1,计划20:50到达
MU3956,大连,成都,,20:50,T1,计划20:50到达
TV9916,大理,成都,,20:50,T2,计划20:50到达
CA3974,大理,成都,,20:50,T2,计划20:50到达
EU2714,台州,成都,,20:55,T2,计划20:55到达
3U1638,台州,成都,,20:55,T2,计划20:55到达
EU2744,拉萨,成都,,20:55,T2,计划20:55到达
GS7887,天津,成都,,21:00,T2,计划21:00到达
HU7831,乌鲁木齐,成都,,21:00,T2,计划21:00到达
CA4334,广州,成都,,21:05,T2,计划21:05到达
SC4334,广州,成都,,21:05,T2,计划21:05到达
TV6370,广州,成都,,21:05,T2,计划21:05到达
ZH4334,广州,成都,,21:05,T2,计划21:05到达
CZ3241,南宁,成都,,21:05,T2,计划21:05到达
3U3015,南宁,成都,,21:05,T2,计划21:05到达
MU5100,卡利博,成都,,21:05,T1,已于19:32到达
MU5851,昆明,成都,,21:05,T2,计划21:05到达
3U5130,昆明,成都,,21:05,T2,计划21:05到达
CA4312,深圳,成都,,21:10,T2,计划21:10到达
SC4312,深圳,成都,,21:10,T2,计划21:10到达
TV6354,深圳,成都,,21:10,T2,计划21:10到达
ZH4312,深圳,成都,,21:10,T2,计划21:10到达
MF8431,厦门,成都,,21:10,T2,计划21:10到达
CA4104,北京,成都,,21:15,T2,计划21:15到达
ZH4104,北京,成都,,21:15,T2,计划21:15到达
KN5217,北京南苑,成都,,21:15,T2,计划21:15到达
CA4242,喀什,成都,,21:15,T2,计划21:15到达
TV6334,喀什,成都,,21:15,T2,计划21:15到达
ZH4242,喀什,成都,,21:15,T2,计划21:15到达
MU9886,杭州,成都,,21:15,T2,计划21:15到达
CZ3427,广州,成都,,21:25,T2,计划21:25到达
3U3039,广州,成都,,21:25,T2,计划21:25到达
MF1273,广州,成都,,21:25,T2,计划21:25到达
CZ3729,珠海,成都,,21:25,T2,计划21:25到达
MF1539,珠海,成都,,21:25,T2,计划21:25到达
CA4516,上海虹桥,成都,,21:30,T2,计划21:30到达
SC4516,上海虹桥,成都,,21:30,T2,计划21:30到达
ZH4516,上海虹桥,成都,,21:30,T2,计划21:30到达
MU5853,昆明,成都,,21:30,T2,计划21:30到达
3U5132,昆明,成都,,21:30,T2,计划21:30到达
QV883,万象,成都,,21:30,T1,计划21:30到达
TV9818,丽江,成都,,21:35,T2,计划21:35到达
MU5297,上海浦东,成都,,21:40,T2,计划21:40到达
3U5010,上海浦东,成都,,21:40,T2,计划21:40到达
JL5663,上海浦东,成都,,21:40,T2,计划21:40到达
QF4275,上海浦东,成都,,21:40,T2,计划21:40到达
MU2935,常州,成都,,21:45,T2,计划21:45到达
3U5046,常州,成都,,21:45,T2,计划21:45到达
DR5014,哈尔滨,成都,,21:50,T2,计划21:50到达
CZ3461,长沙,成都,,21:50,T2,计划21:50到达
MF1301,长沙,成都,,21:50,T2,计划21:50到达
3U8526,喀什,成都,,21:50,T1,计划21:50到达
EU7034,喀什,成都,,21:50,T1,计划21:50到达
G58720,喀什,成都,,21:50,T1,计划21:50到达
HO3426,喀什,成都,,21:50,T1,计划21:50到达
KA824,香港,成都,,21:55,T1,计划21:55到达
CA6504,香港,成都,,21:55,T1,计划21:55到达
CX5824,香港,成都,,21:55,T1,计划21:55到达
EU2808,苏梅岛,成都,,21:55,T1,计划21:55到达
EU2250,海拉尔,成都,,22:00,T2,计划22:00到达
3U1616,海拉尔,成都,,22:00,T2,计划22:00到达
3U8706,深圳,成都,,22:00,T1,计划22:00到达
CZ4980,深圳,成都,,22:00,T1,计划22:00到达
MF5060,深圳,成都,,22:00,T1,计划22:00到达
ZH3816,深圳,成都,,22:00,T1,计划22:00到达
ZZB8029,深圳,成都,,22:00,T2,计划22:00到达
3U8692,丽江,成都,,22:05,T1,计划22:05到达
MU3908,丽江,成都,,22:05,T1,计划22:05到达
CA462,大阪关西,成都,,22:05,T1,计划22:05到达
ZH9409,深圳,成都,,22:10,T2,计划22:10到达
CA3829,深圳,成都,,22:10,T2,计划22:10到达
CA4110,北京,成都,,22:10,T2,计划22:10到达
ZH4110,北京,成都,,22:10,T2,计划22:10到达
MI938,新加坡樟宜,成都,,22:10,T1,计划22:10到达
CA5294,新加坡樟宜,成都,,22:10,T1,计划22:10到达
SQ5138,新加坡樟宜,成都,,22:10,T1,计划22:10到达
VA5813,新加坡樟宜,成都,,22:10,T1,计划22:10到达
MU5320,深圳,成都,,22:15,T2,计划22:15到达
MU5654,烟台,成都,,22:20,T2,计划22:20到达
3U5096,烟台,成都,,22:20,T2,计划22:20到达
MU2413,兰州,成都,,22:20,T2,计划22:20到达
EU2274,金昌,成都,,22:20,T2,计划22:20到达
3U1622,金昌,成都,,22:20,T2,计划22:20到达
CA4244,阿克苏温宿,成都,,22:20,T2,计划22:20到达
ZH4244,阿克苏温宿,成都,,22:20,T2,计划22:20到达
QW9771,青岛,成都,,22:25,T2,计划22:25到达
NH947,东京成田,成都,,22:25,T1,计划22:25到达
8L9610,海口,成都,,22:35,T2,计划22:35到达
CA4040,长春,成都,,22:35,T2,计划22:35到达
ZH4040,长春,成都,,22:35,T2,计划22:35到达
MU5411,上海虹桥,成都,,22:35,T2,计划22:35到达
3U5020,上海虹桥,成都,,22:35,T2,计划22:35到达
MU5413,上海虹桥,成都,,22:40,T2,计划22:40到达
3U5018,上海虹桥,成都,,22:40,T2,计划22:40到达
HO3687,上海虹桥,成都,,22:40,T2,计划22:40到达
CA472,曼谷素万那普,成都,,22:40,T1,计划22:40到达
3U8892,北京,成都,,22:40,T1,计划22:40到达
CZ9654,北京,成都,,22:40,T1,计划22:40到达
MF5102,北京,成都,,22:40,T1,计划22:40到达
8L866,西哈努克,成都,,22:40,T1,计划22:40到达
TV9906,西安,成都,,22:45,T2,计划22:45到达
CA3960,西安,成都,,22:45,T2,计划22:45到达
3U8912,杭州,成都,,22:50,T1,计划22:50到达
CZ9660,杭州,成都,,22:50,T1,计划22:50到达
MF5106,杭州,成都,,22:50,T1,计划22:50到达
MU3942,杭州,成都,,22:50,T1,计划22:50到达
MU5855,昆明,成都,,22:50,T2,计划22:50到达
3U5134,昆明,成都,,22:50,T2,计划22:50到达
MU2472,兰州,成都,,22:50,T2,计划22:50到达
3U5092,兰州,成都,,22:50,T2,计划22:50到达
G58545,兰州,成都,,22:50,T2,计划22:50到达
MU2556,厦门,成都,,22:55,T2,计划22:55到达
3U8080,甲米,成都,,22:55,T1,计划22:55到达
CA4384,深圳,成都,,22:55,T2,计划22:55到达
SC4384,深圳,成都,,22:55,T2,计划22:55到达
TV6396,深圳,成都,,22:55,T2,计划22:55到达
ZH4384,深圳,成都,,22:55,T2,计划22:55到达
3U8966,上海浦东,成都,,22:55,T1,计划22:55到达
CZ9676,上海浦东,成都,,22:55,T1,计划22:55到达
HO3452,上海浦东,成都,,22:55,T1,计划22:55到达
MU3936,上海浦东,成都,,22:55,T1,计划22:55到达
OZ323,首尔仁川,成都,,23:00,T1,计划23:00到达
CA4106,北京,成都,,23:00,T2,计划23:00到达
ZH4106,北京,成都,,23:00,T2,计划23:00到达
EU2248,福州,成都,,23:05,T2,计划23:05到达
EU2232,福州,成都,,23:05,T2,计划23:05到达
MU5280,长春,成都,,23:05,T2,计划23:05到达
MU5496,杭州,成都,,23:10,T2,计划23:10到达
3U5090,杭州,成都,,23:10,T2,计划23:10到达
CA4304,广州,成都,,23:10,T2,计划23:10到达
SC4304,广州,成都,,23:10,T2,计划23:10到达
TV6346,广州,成都,,23:10,T2,计划23:10到达
ZH4304,广州,成都,,23:10,T2,计划23:10到达
MU2620,温州,成都,,23:15,T2,计划23:15到达
3U8174,南京,成都,,23:15,T1,计划23:15到达
MU3904,南京,成都,,23:15,T1,计划23:15到达
ZH3820,南京,成都,,23:15,T1,计划23:15到达
CA4208,兰州,成都,,23:20,T2,计划23:20到达
ZH4208,兰州,成都,,23:20,T2,计划23:20到达
CA4230,福州,成都,,23:20,T2,计划23:20到达
SC4230,福州,成都,,23:20,T2,计划23:20到达
TV6330,福州,成都,,23:20,T2,计划23:20到达
ZH4230,福州,成都,,23:20,T2,计划23:20到达
ZH9443,广州,成都,,23:25,T2,计划23:25到达
CA3743,广州,成都,,23:25,T2,计划23:25到达
MU2006,名古屋,成都,,23:25,TM,计划23:25到达
3U5098,名古屋,成都,,23:25,TM,计划23:25到达
CA418,台北桃园,成都,,23:25,T1,计划23:25到达
CA4390,深圳,成都,,23:25,T2,计划23:25到达
SC4390,深圳,成都,,23:25,T2,计划23:25到达
TV6400,深圳,成都,,23:25,T2,计划23:25到达
ZH4390,深圳,成都,,23:25,T2,计划23:25到达
CA4528,济南,成都,,23:25,T2,计划23:25到达
SC4528,济南,成都,,23:25,T2,计划23:25到达
TV6448,济南,成都,,23:25,T2,计划23:25到达
ZH4528,济南,成都,,23:25,T2,计划23:25到达
MF8684,宿务,成都,,23:30,T1,计划23:30到达
3U8904,首尔仁川,成都,,23:30,T1,计划23:30到达
CZ4090,首尔仁川,成都,,23:30,T1,计划23:30到达
MU2825,南京,成都,,23:35,T2,计划23:35到达
3U5040,南京,成都,,23:35,T2,计划23:35到达
MU5729,保山,成都,,23:35,T2,计划23:35到达
TV9854,拉萨,成都,,23:40,T2,计划23:40到达
CA3944,拉萨,成都,,23:40,T2,计划23:40到达
CA4514,上海浦东,成都,,23:40,T2,计划23:40到达
SC4514,上海浦东,成都,,23:40,T2,计划23:40到达
ZH4514,上海浦东,成都,,23:40,T2,计划23:40到达
3U8890,北京,成都,,23:40,T1,计划23:40到达
CZ9652,北京,成都,,23:40,T1,计划23:40到达
MF5100,北京,成都,,23:40,T1,计划23:40到达
MU4048,北京,成都,,23:40,T1,计划23:40到达
3U8988,西宁,成都,,23:45,T1,计划23:45到达
HX452,香港,成都,,23:45,T1,计划23:45到达
MU5415,上海虹桥,成都,,23:45,T2,计划23:45到达
3U5016,上海虹桥,成都,,23:45,T2,计划23:45到达
3U8088,大阪关西,成都,,23:45,T1,计划23:45到达
TV9830,兰州,成都,,23:50,T2,计划23:50到达
CA3942,兰州,成都,,23:50,T2,计划23:50到达
ZH9474,南昌,成都,,23:50,T2,计划23:50到达
CA3504,南昌,成都,,23:50,T2,计划23:50到达
CA4328,南宁,成都,,23:50,T2,计划23:50到达
SC4328,南宁,成都,,23:50,T2,计划23:50到达
TV6366,南宁,成都,,23:50,T2,计划23:50到达
ZH4328,南宁,成都,,23:50,T2,计划23:50到达
8L9616,济南,成都,,23:50,T2,计划23:50到达
3U8986,南通,成都,,23:55,T1,计划23:55到达
CZ9682,南通,成都,,23:55,T1,计划23:55到达
